id,name
4000,语言与思维
4001,教育与教育学
4002,教育概述
4003,情绪情感与意志
4004,教育学概述
4005,需要与动机
4006,教育与发展
4007,能力
4008,教育的产生与发展
4009,人格
4010,教育与人的发展
4011,心理发展与认知差异
4012,教育与社会发展
4013,学习心理
4014,全民教育与终身学习
4015,社会心理
4016,教育目的
4017,心理健康教育与心理辅导
4018,教育目的的意义与性质
4019,教育目的的价值取向
4020,中国教育目的的发展
4021,教育制度与教育政策
4022,教育制度概述
4023,中国教育制度
4024,中国教育政策
4025,学生及其发展
4026,学生
4027,学生发展与教育
4028,教师
4029,教师职业概述
4030,教师的专业素养与专业发展
4031,教师学习共同体与教师发展
4032,课程与课程开发
4033,课程概述
4034,课程开发
4035,课程与教学实施
4036,课程实施
4037,教学过程
4038,教学原则
4039,教育的基本规律
4040,教学方法
4041,教育目的与教育制度
4042,教学设计
4043,教师与学生
4044,教学工作的基本环节
4045,课程
4046,学校德育
4047,教学
4048,德育概述
4049,德育
4050,德育的内容与原则
4051,班级管理与班主任工作
4052,德育过程
4053,课外、校外教育
4054,德育方法与途径
4055,教育研究及其方法
4056,德育模式
4057,心理学概述
4058,德育资源
4059,注意
4060,教育测量与评价
4061,感觉与知觉
4062,教育测量
4063,记忆
4064,教育评价
4065,表象与想象
4066,学生评价
4067,教育研究概述
4068,教育研究方法
4069,中小学教师常用的研究方法
4070,第一部分教育学
4071,第二部分心理学
4072,教师评价
4073,学校办学水平评价
4074,教学组织形式
4075,教学理论流派
4076,师生关系
